{"cameraMode":{"drawMode":0,"name":"Shaded","section":"Shading Mode"},"sceneLighting":false,"audioPlay":false,"sceneViewState":{"m_AlwaysRefresh":false,"showFog":true,"showSkybox":false,"showFlares":true,"showImageEffects":true,"showParticleSystems":true,"showVisualEffectGraphs":true,"m_FxEnabled":true},"in2DMode":false,"pivot":{"x":-10.279999732971192,"y":1.4429999589920045,"z":0.2800000011920929},"rotation":{"x":-0.0037557475734502079,"y":-0.9958778023719788,"z":-0.0490262508392334,"w":0.07631151378154755},"size":0.8660253882408142,"orthographic":false}