{"cameraMode":{"drawMode":0,"name":"Shaded","section":"Shading Mode"},"sceneLighting":false,"audioPlay":false,"sceneViewState":{"m_AlwaysRefresh":false,"showFog":true,"showSkybox":true,"showFlares":true,"showImageEffects":true,"showParticleSystems":true,"showVisualEffectGraphs":true,"m_FxEnabled":true},"in2DMode":false,"pivot":{"x":-4.071041107177734,"y":21.529382705688478,"z":-41.180015563964847},"rotation":{"x":-0.04678845778107643,"y":-0.014941669069230557,"z":0.000702335441019386,"w":-0.9988102912902832},"size":2.9609768390655519,"orthographic":false}