{"cameraMode":{"drawMode":0,"name":"Shaded","section":"Shading Mode"},"sceneLighting":false,"audioPlay":false,"sceneViewState":{"m_AlwaysRefresh":false,"showFog":true,"showSkybox":false,"showFlares":true,"showImageEffects":true,"showParticleSystems":true,"showVisualEffectGraphs":true,"m_FxEnabled":true},"in2DMode":false,"pivot":{"x":6.428992748260498,"y":18.618621826171876,"z":-10.755422592163086},"rotation":{"x":0.06626085937023163,"y":0.006851441692560911,"z":-0.00045604034676216543,"w":0.9977859854698181},"size":34.44312286376953,"orthographic":false}