{"cameraMode":{"drawMode":0,"name":"Shaded","section":"Shading Mode"},"sceneLighting":true,"audioPlay":false,"sceneViewState":{"m_AlwaysRefresh":false,"showFog":true,"showSkybox":true,"showFlares":true,"showImageEffects":true,"showParticleSystems":true,"showVisualEffectGraphs":true,"m_FxEnabled":true},"in2DMode":false,"pivot":{"x":-3.0727813243865969,"y":5.376527786254883,"z":6.839883804321289},"rotation":{"x":0.00005927960592089221,"y":0.9804022908210754,"z":-0.19701263308525086,"w":0.0002950916241388768},"size":10.744589805603028,"orthographic":false}