{"cameraMode":{"drawMode":0,"name":"Shaded","section":"Shading Mode"},"sceneLighting":false,"audioPlay":false,"sceneViewState":{"m_AlwaysRefresh":false,"showFog":true,"showSkybox":false,"showFlares":true,"showImageEffects":true,"showParticleSystems":true,"showVisualEffectGraphs":true,"m_FxEnabled":true},"in2DMode":false,"pivot":{"x":31.040000915527345,"y":0.22699999809265138,"z":0.08000004291534424},"rotation":{"x":0.06475018709897995,"y":0.021819010376930238,"z":-0.001417449559085071,"w":0.9976692795753479},"size":2.136000871658325,"orthographic":false}